{
  "_train_accs": {
    "r1": 0.8181423544883728,
    "r2": 0.815538227558136,
    "r3": 0.8181423544883728,
    "r4": 0.819444477558136
  },
  "r1__online__selfplay__h0": {
    "scores": [
      0.9140654802322388,
      0.6765084266662598,
      0.9151120185852051
    ],
    "mean": 0.8352286418279012
  },
  "r1__online__selfplay__h24": {
    "scores": [
      0.813484787940979,
      0.5647355318069458,
      0.7192946076393127
    ],
    "mean": 0.6991716424624125
  },
  "r1__online__selfplay__h72": {
    "scores": [
      0.8061361312866211,
      0.5464742183685303,
      0.7006219625473022
    ],
    "mean": 0.6844107707341512
  },
  "r1__online__selfplay__h168": {
    "scores": [
      0.8117570877075195,
      0.5472699403762817,
      0.7288286685943604
    ],
    "mean": 0.6959518988927206
  },
  "r1__online__selfplay__h256": {
    "scores": [
      0.8128125667572021,
      0.5439468622207642,
      0.7121391892433167
    ],
    "mean": 0.6896328727404276
  },
  "r2__online__selfplay__h0": {
    "scores": [
      0.8613066077232361,
      0.5983631014823914,
      0.8757912516593933
    ],
    "mean": 0.778486986955007
  },
  "r2__online__selfplay__h24": {
    "scores": [
      0.7368921637535095,
      0.5232454538345337,
      0.6733717322349548
    ],
    "mean": 0.644503116607666
  },
  "r2__online__selfplay__h72": {
    "scores": [
      0.7647358775138855,
      0.5204002857208252,
      0.6808277368545532
    ],
    "mean": 0.6553213000297546
  },
  "r2__online__selfplay__h168": {
    "scores": [
      0.7722692489624023,
      0.5204595327377319,
      0.6828530430793762
    ],
    "mean": 0.6585272749265035
  },
  "r2__online__selfplay__h256": {
    "scores": [
      0.7761977314949036,
      0.5294880867004395,
      0.6914752125740051
    ],
    "mean": 0.6657203435897827
  },
  "r3__online__selfplay__h0": {
    "scores": [
      0.9178831577301025,
      0.7094635963439941,
      0.9129962921142578
    ],
    "mean": 0.8467810153961182
  },
  "r3__online__selfplay__h24": {
    "scores": [
      0.7595404386520386,
      0.49754706025123596,
      0.6776531338691711
    ],
    "mean": 0.6449135442574819
  },
  "r3__online__selfplay__h72": {
    "scores": [
      0.7661260366439819,
      0.4989545941352844,
      0.7041043043136597
    ],
    "mean": 0.6563949783643087
  },
  "r3__online__selfplay__h168": {
    "scores": [
      0.7600626349449158,
      0.49365317821502686,
      0.7396975755691528
    ],
    "mean": 0.6644711295763651
  },
  "r3__online__selfplay__h256": {
    "scores": [
      0.7623745799064636,
      0.49645036458969116,
      0.7455016374588013
    ],
    "mean": 0.668108860651652
  },
  "r4__online__selfplay__h0": {
    "scores": [
      0.8714503645896912,
      0.5855305790901184,
      0.7856720685958862
    ],
    "mean": 0.7475510040918986
  },
  "r4__online__selfplay__h24": {
    "scores": [
      0.7638455629348755,
      0.49930912256240845,
      0.7394932508468628
    ],
    "mean": 0.6675493121147156
  },
  "r4__online__selfplay__h72": {
    "scores": [
      0.7725486755371094,
      0.513195276260376,
      0.659635066986084
    ],
    "mean": 0.6484596729278564
  },
  "r4__online__selfplay__h168": {
    "scores": [
      0.7730065584182739,
      0.5138026475906372,
      0.6662620306015015
    ],
    "mean": 0.6510237455368042
  },
  "r4__online__selfplay__h256": {
    "scores": [
      0.7763196229934692,
      0.5154882073402405,
      0.7535097599029541
    ],
    "mean": 0.6817725300788879
  }
}