{
  "phase1_step1000__cap1.075__h0": {
    "scores": [
      1.058043122291565,
      0.7929188013076782,
      0.9933545589447021
    ],
    "mean": 0.9481054941813151
  },
  "phase1_step1000__cap1.075__h72": {
    "scores": [
      0.8844918608665466,
      0.6624895334243774,
      0.8559296131134033
    ],
    "mean": 0.8009703358014425
  },
  "phase1_step2000__cap1.075__h0": {
    "scores": [
      1.011376976966858,
      0.773789644241333,
      1.0133728981018066
    ],
    "mean": 0.9328465064366659
  },
  "phase1_step2000__cap1.075__h72": {
    "scores": [
      0.8376065492630005,
      0.6206570267677307,
      0.8545958995819092
    ],
    "mean": 0.7709531585375468
  },
  "phase1_step3000__cap1.075__h0": {
    "scores": [
      1.0061066150665283,
      0.7754666209220886,
      1.0529849529266357
    ],
    "mean": 0.9448527296384176
  },
  "phase1_step3000__cap1.075__h72": {
    "scores": [
      0.8512434959411621,
      0.5875847935676575,
      0.755652904510498
    ],
    "mean": 0.7314937313397726
  },
  "phase1_step4000__cap1.075__h0": {
    "scores": [
      0.953364908695221,
      0.6621536612510681,
      0.9133940935134888
    ],
    "mean": 0.8429708878199259
  },
  "phase1_step4000__cap1.075__h72": {
    "scores": [
      0.8000689744949341,
      0.5503894090652466,
      0.6909295916557312
    ],
    "mean": 0.680462658405304
  },
  "phase1_step5000__cap1.075__h0": {
    "scores": [
      0.8613066077232361,
      0.5983631014823914,
      0.8757912516593933
    ],
    "mean": 0.778486986955007
  },
  "phase1_step5000__cap1.075__h72": {
    "scores": [
      0.7647358775138855,
      0.5204002857208252,
      0.6808277368545532
    ],
    "mean": 0.6553213000297546
  },
  "phase1_step8000__cap1.075__h0": {
    "scores": [
      0.8279032111167908,
      0.6156747341156006,
      0.9107237458229065
    ],
    "mean": 0.784767230351766
  },
  "phase1_step8000__cap1.075__h72": {
    "scores": [
      0.7894143462181091,
      0.5326578617095947,
      0.7418500185012817
    ],
    "mean": 0.6879740754763285
  },
  "phase1_step11000__cap1.075__h0": {
    "scores": [
      0.7779863476753235,
      0.5693274736404419,
      0.7482732534408569
    ],
    "mean": 0.6985290249188741
  },
  "phase1_step11000__cap1.075__h72": {
    "scores": [
      0.787543535232544,
      0.5264225602149963,
      0.694302499294281
    ],
    "mean": 0.6694228649139404
  },
  "phase1_step15000__cap1.075__h0": {
    "scores": [
      0.7458818554878235,
      0.5504376292228699,
      0.7084801197052002
    ],
    "mean": 0.6682665348052979
  },
  "phase1_step15000__cap1.075__h72": {
    "scores": [
      0.7780286073684692,
      0.5096494555473328,
      0.7339617013931274
    ],
    "mean": 0.6738799214363098
  },
  "phase2_r2__cap0.775__h0": {
    "scores": [
      0.7793311476707458,
      0.5096055865287781
    ],
    "mean": 0.644468367099762
  },
  "phase2_r2__cap0.775__h24": {
    "scores": [
      0.7693120241165161,
      0.4969940781593323
    ],
    "mean": 0.6331530511379242
  },
  "phase2_r2__cap0.775__h72": {
    "scores": [
      0.7790047526359558,
      0.4934390187263489
    ],
    "mean": 0.6362218856811523
  },
  "phase2_r2__cap0.925__h0": {
    "scores": [
      0.7722426652908325,
      0.5250872373580933
    ],
    "mean": 0.6486649513244629
  },
  "phase2_r2__cap0.925__h24": {
    "scores": [
      0.7616478800773621,
      0.4989469051361084
    ],
    "mean": 0.6302973926067352
  },
  "phase2_r2__cap0.925__h72": {
    "scores": [
      0.7736083269119263,
      0.49170541763305664
    ],
    "mean": 0.6326568722724915
  },
  "phase2_r2__cap1.075__h0": {
    "scores": [
      0.7458818554878235,
      0.5504376292228699
    ],
    "mean": 0.6481597423553467
  },
  "phase2_r2__cap1.075__h24": {
    "scores": [
      0.7638104557991028,
      0.5144689679145813
    ],
    "mean": 0.639139711856842
  },
  "phase2_r2__cap1.075__h72": {
    "scores": [
      0.7780286073684692,
      0.5096494555473328
    ],
    "mean": 0.643839031457901
  },
  "phase2_r2__cap1.225__h0": {
    "scores": [
      0.7671068906784058,
      0.5726380348205566
    ],
    "mean": 0.6698724627494812
  },
  "phase2_r2__cap1.225__h24": {
    "scores": [
      0.7428052425384521,
      0.535763144493103
    ],
    "mean": 0.6392841935157776
  },
  "phase2_r2__cap1.225__h72": {
    "scores": [
      0.7900170087814331,
      0.5210145115852356
    ],
    "mean": 0.6555157601833344
  },
  "phase2_r3__cap0.775__h0": {
    "scores": [
      0.8894628286361694,
      0.6222115755081177
    ],
    "mean": 0.7558372020721436
  },
  "phase2_r3__cap0.775__h24": {
    "scores": [
      0.7822142839431763,
      0.5119646191596985
    ],
    "mean": 0.6470894515514374
  },
  "phase2_r3__cap0.775__h72": {
    "scores": [
      0.7762348651885986,
      0.5076936483383179
    ],
    "mean": 0.6419642567634583
  },
  "phase2_r3__cap0.925__h0": {
    "scores": [
      0.9286370873451233,
      0.670067310333252
    ],
    "mean": 0.7993521988391876
  },
  "phase2_r3__cap0.925__h24": {
    "scores": [
      0.7603306174278259,
      0.4954490661621094
    ],
    "mean": 0.6278898417949677
  },
  "phase2_r3__cap0.925__h72": {
    "scores": [
      0.7683649063110352,
      0.5025829076766968
    ],
    "mean": 0.635473906993866
  },
  "phase2_r3__cap1.075__h0": {
    "scores": [
      0.9178831577301025,
      0.7094635963439941
    ],
    "mean": 0.8136733770370483
  },
  "phase2_r3__cap1.075__h24": {
    "scores": [
      0.7595404386520386,
      0.49754706025123596
    ],
    "mean": 0.6285437494516373
  },
  "phase2_r3__cap1.075__h72": {
    "scores": [
      0.7661260366439819,
      0.4989545941352844
    ],
    "mean": 0.6325403153896332
  },
  "phase2_r3__cap1.225__h0": {
    "scores": [
      0.9731196761131287,
      0.754370927810669
    ],
    "mean": 0.8637453019618988
  },
  "phase2_r3__cap1.225__h24": {
    "scores": [
      0.73875492811203,
      0.5114192962646484
    ],
    "mean": 0.6250871121883392
  },
  "phase2_r3__cap1.225__h72": {
    "scores": [
      0.7729396820068359,
      0.5083236694335938
    ],
    "mean": 0.6406316757202148
  },
  "phase2_r4__cap0.775__h0": {
    "scores": [
      0.8620744943618774,
      0.571221113204956
    ],
    "mean": 0.7166478037834167
  },
  "phase2_r4__cap0.775__h24": {
    "scores": [
      0.7900431156158447,
      0.50690096616745
    ],
    "mean": 0.6484720408916473
  },
  "phase2_r4__cap0.775__h72": {
    "scores": [
      0.7833545804023743,
      0.5069627165794373
    ],
    "mean": 0.6451586484909058
  },
  "phase2_r4__cap0.925__h0": {
    "scores": [
      0.8294392824172974,
      0.5852335691452026
    ],
    "mean": 0.70733642578125
  },
  "phase2_r4__cap0.925__h24": {
    "scores": [
      0.7709968090057373,
      0.49677330255508423
    ],
    "mean": 0.6338850557804108
  },
  "phase2_r4__cap0.925__h72": {
    "scores": [
      0.77824866771698,
      0.5048913955688477
    ],
    "mean": 0.6415700316429138
  },
  "phase2_r4__cap1.075__h0": {
    "scores": [
      0.8714503645896912,
      0.5855305790901184
    ],
    "mean": 0.7284904718399048
  },
  "phase2_r4__cap1.075__h24": {
    "scores": [
      0.7638455629348755,
      0.49930912256240845
    ],
    "mean": 0.631577342748642
  },
  "phase2_r4__cap1.075__h72": {
    "scores": [
      0.7725486755371094,
      0.513195276260376
    ],
    "mean": 0.6428719758987427
  },
  "phase2_r4__cap1.225__h0": {
    "scores": [
      0.8727904558181763,
      0.6207953691482544
    ],
    "mean": 0.7467929124832153
  },
  "phase2_r4__cap1.225__h24": {
    "scores": [
      0.7713097333908081,
      0.5118211507797241
    ],
    "mean": 0.6415654420852661
  },
  "phase2_r4__cap1.225__h72": {
    "scores": [
      0.7701929211616516,
      0.5172998309135437
    ],
    "mean": 0.6437463760375977
  },
  "phase3_model__seed55555": {
    "carbon_emissions_total": 0.8856799092026558,
    "discomfort_proportion": 0.4755052942705273,